,0,1,2,3,4,5,6,7,8,9,10,11,12,13,14,15,16,17,18,19,20,21,22,23,24
0,-5.125005096910705,-8.956897588778377,-13.60324591051829,2.734192246031356,-2.9740603624281663,0.2967509610636463,13.208476565557818,-3.1963286549696197,-4.473322406697499,-6.2820693358131265,0.2185464782030797,0.5961972183927946,2.0269442229580066,-1.207563814333187,-10.217284867480984,-6.682142515735655,1.7022450331880192,-1.0030299860942804,-7.72501286043606,5.69731243697476,-9.651648550477809,2.189339926600966,-0.08061348006682056,-2.5122635725447227,-3.483262330599164
1,33.93794948046572,-0.553256782558722,-28.49375858968176,-4.110936136932038,-10.04807123022999,1.2082983289676026,29.981584170415395,36.785954150270975,-26.710891668757313,26.333120798971905,-21.883255539652005,18.674555794173095,29.36536033496604,16.3554129132761,4.732281023955664,-3.4203025333445716,15.131899007128501,13.111210145517425,2.862458558968373,-8.483080833706712,17.932717572904274,-2.9711159293467517,14.611197284302971,18.81500803673599,34.75956119005679
2,6.432456289659709,12.616964646937408,22.081474387331358,5.847854777461903,35.74698862621568,37.98109592435643,19.368973490290543,-6.754098535395819,28.332373461411002,41.46352199347503,22.190359606355003,1.849638855842075,33.19060692695986,24.27537456999393,30.045870170066504,-5.456270344784702,11.109698498980569,8.451454465019934,7.268641300294654,23.325925981358182,-9.394829294557452,5.326053117661986,-1.259929265153656,26.02424740842602,40.929839607284684
3,8.790551947255224,7.285085285810318,-12.494937669364733,-13.060098117556874,4.418290527306257,-10.280432207199455,6.865191663555941,-11.23554567261208,-11.21608017669622,-18.671249203287047,17.518228513987157,-18.841103708168383,-13.06005263476656,-18.748366715238475,-8.265549508897895,9.853317469938732,15.635765015788866,11.67140287460692,6.255820462276475,20.717535446661984,-0.5193155681493613,14.248703746903841,14.934008342786637,31.618723497811086,18.89522310822243
4,5.006781742578186,2.6423076295778536,35.376815159195424,19.64972524385824,27.160965191285037,28.112310427236128,19.689622847025564,8.48100083800753,22.37238583438024,-14.88234738885196,-11.853906669965074,32.53080308714574,0.10605479320905109,32.8535734185501,14.648972509519691,-16.524732763461827,4.57577013957914,-6.063945819195157,-5.279287883946789,9.011551143325073,20.45209644382341,1.2989921488472782,8.402942822909761,-5.460817024476645,26.412611161821317
5,14.471608657959191,17.308184902477322,-4.580383870568292,-7.8053303003926136,19.671339228779473,13.829698357151491,20.955234557174528,-1.316892395575763,-4.198701793795835,-0.22997795389520959,2.184943247463613,1.8708658735673822,-11.361253945732624,-9.057403586970475,-9.293053518937192,0.845490328704956,-16.50777149939984,19.659165176203302,25.464473959359196,15.765538731463792,11.579923199595603,6.490776157199691,12.880605747162768,21.822697279742002,17.67770653578851
6,0.02373066031877258,35.577273474724755,-13.34447023738655,13.012079315596408,37.56982987388076,-9.046864124202175,29.226486557250787,-9.302064468509247,10.642323070844661,37.6440521751406,20.644065757242615,30.43163220482286,15.815469014021085,-7.2772602039848,37.89617522767167,-4.805296358537125,-0.10166886920790219,2.3474131879601394,21.492521188720122,18.570275562016146,23.406971755343694,-3.492743984133968,-21.217972890118254,15.92435352334288,15.456055429596889
7,1.5209064234736727,-1.794908727791034,31.04009992984193,47.72387684591623,39.9418712901042,-0.4572375913760909,21.561162010977924,-21.91682687758891,15.086314728585211,19.197447821504653,31.141297500697274,4.182734268128257,-15.645113258739793,-4.045642737453704,9.048281345499898,14.749200183998454,9.80075708982162,33.299170183157834,53.17516425471938,26.952341273485803,44.57068714833822,-1.4447619379813728,7.003338564748952,11.778867923522244,15.693370552678218
8,-10.951918513110938,20.396249599019505,-16.09467463476648,23.537687417119788,25.854648843023774,10.965512623000084,-6.237988777313834,13.943322999972791,-3.674630197998937,5.531346322703861,-3.3059903317160337,39.86544773295457,25.920937693866758,16.191839334752963,7.396169714184293,28.076296933650312,14.873068023766532,30.832888263927472,-8.281164903453984,13.362394161290165,23.45375950370432,15.40613244198854,20.080773939417753,14.39249193127551,33.315619783781855
9,5.987180312595864,-7.016595636387905,14.414363165936319,8.861573086115026,16.233587382889485,1.480411208690263,35.02149816084798,10.279605386423938,-12.224655676532786,2.1486705207622125,28.439708260198202,8.958454445143053,15.766659400163894,7.903045586037692,21.43593235801404,30.86262413893739,14.518992163849402,0.3013648841615595,12.54122822088001,19.945982909913447,9.17477171047993,29.961776156312077,-10.344910864914654,-3.224063091162983,-18.764729100502038
10,4.445457553387948,-9.60433421335111,-4.710581131772992,7.329149605369985,-19.629099187111613,16.0432165706622,13.864963274185879,6.667867217103755,0.37342318517140694,4.021332339938209,5.025273056665569,-25.116073227882907,7.317173985696421,10.33860646161918,0.3311781921875321,13.277689747875414,-21.12483619560043,15.930242054860857,22.005411269564213,28.108657186606173,15.231719275052416,5.408964723083057,-4.773893671185865,-8.69222164168117,14.967834435800317
11,20.03898411823909,8.536123427819037,2.657412706845515,11.814236806933083,-1.7289239928099913,17.43960480651514,-1.3314137655026492,-1.759345077100686,-6.47722292267141,16.753489419957873,4.778381041937841,5.499908221314697,4.981048940345402,19.277865335972685,9.665929339025322,-8.799649110253764,-1.4450969104879157,22.262020071811445,-7.659357364196902,16.595204106278448,0.04692640485610955,-9.447774875362015,22.410645444657508,8.667460518523157,30.82022014195467
12,17.08224822302561,-6.431922350420888,6.257431062112431,11.149842572855063,4.465827041070557,6.746433093908849,6.135886736023604,6.14631270803601,15.43035647552148,-7.008911829987008,18.74137674230039,18.007006691961617,13.749433014719175,-8.7945069752874,8.90726034425922,9.505569168995137,13.85063973441273,17.306848352462154,21.318627422328177,4.600758318815078,30.378813981959517,2.1446262909564506,17.11953550552644,-1.4556671316856837,6.60124619810727
13,-4.585688602137299,33.16861593011298,-3.3467654584738744,5.069994302421165,33.14567637312861,11.078049931108065,26.219912772849213,-1.5940831096739796,36.70086106890803,25.286546146165144,10.98472202716443,22.712089964881635,-2.1824932046611183,26.07824754068839,1.3221657912353093,9.314873411474334,37.804370635278026,6.488672989594063,34.01761077995976,30.81568113254911,32.18563999662258,-2.129242033341614,20.20226621899186,29.26474089117051,28.188784489624002
14,-10.881459508135697,15.45741468255621,21.445210638283392,53.066004759093886,25.921436209467714,25.004961360710887,-17.026453904826194,14.800041663026903,38.633467785061,8.32113601935259,8.781286259691026,22.466866705980625,13.505628644295305,-16.87391783058061,44.47785925597679,14.264470863598858,4.5477196111599305,40.23701002078063,33.5140838608646,-10.189557458295356,49.23503671360572,19.895689839440873,-3.547013828040688,-11.93413518511259,21.235802362167423
15,-11.397529243016319,7.36661992589822,15.504779759374713,11.980555380691627,8.721230523959491,5.461124890216833,17.150499064571825,24.43018602468494,12.763150071186345,18.220075429378834,-0.9335469394712295,3.0380220440740766,-3.629006299209243,13.51827422093567,26.254486842080162,8.399030195274015,-9.39799503697304,7.420877906017708,-19.16576438200328,-3.8714215501339355,-4.712206201444268,11.214785385262303,18.661036039213393,2.8705766924764116,24.462469809998716
16,24.459199478951902,33.987468289048266,9.58954067922346,-13.528860236256172,-10.543366506934836,-17.550103106719163,-4.160264728554774,-12.654723629019664,-18.445984690666265,-0.0937941507507638,-9.023713487210639,19.386592803477704,20.72421076455059,1.9299111833547402,0.2767845982821413,31.17780058695027,-12.333611347007148,9.949351881058003,17.596901572175703,18.976177676033167,12.893994432969976,17.386615496511883,-12.146230526827647,8.333441382342812,2.204095379502389
17,-8.389712367345178,-11.393067763588524,-0.9588173302861245,35.07415064696674,-15.14800320353498,-1.7085908802304957,7.702157823882006,-4.327563167459043,29.040662694695857,13.431142449414834,23.95363734464175,3.4280123626815078,13.779601080554517,25.40948467935992,13.757919504768129,-2.0083379399278902,17.11255740652004,1.0666601081910967,16.738785986644324,-11.107487604919749,-12.838495561805612,6.8952225658395125,30.284433659068178,2.394403591163212,-6.039167396447275
18,5.958459261557256,-5.48981282085972,23.258554587426865,6.585761216137206,5.0034705897998055,-0.17751796850305201,-3.9220991057773964,4.632705273703204,16.40374543776069,5.755348979539687,4.380842601588136,-3.5218811265103858,-15.765799967758758,15.918657707642533,13.408887526604225,-10.976818720154755,8.07353316478306,1.15840392475745,21.585844837782595,28.760365431605365,-13.03943066400287,23.39203743684802,-1.6571680071297399,4.76210081053571,7.047166357274286
19,-17.11923071022577,35.43292441444738,32.68143304561611,16.060618881832898,14.974733067583449,23.301868222777124,15.21883052502044,10.778359196721983,-12.01437503709685,30.204154913404217,15.590085272983067,15.276855264793245,29.180455782764334,6.259900122097531,-16.729315574603902,12.374751131156893,-16.342158550109453,-19.07906831933838,24.89875945722324,27.322892346228894,-7.448622715225587,22.088212004385735,41.091927659021735,25.740900933035984,-3.5335534207924155
20,-10.527110839776377,19.263239826630357,3.138601035224003,20.43923992855133,16.419493497262916,24.95351321923561,32.381672948546736,28.440711014769942,17.690446540160714,-16.42689057997805,38.067847385828706,-2.345796042412612,45.2449211776023,46.58645311605931,3.428592359982421,46.092599161908815,30.590458145062982,32.638455888052604,11.062649246503728,25.27938152845116,15.034928177439145,16.358351451697814,33.72428556630467,-11.528249012826372,24.682625048604418
21,8.560632364298934,29.307096178573104,15.305656123042935,-1.4818464456387597,-18.81238280581548,-2.7936752166029066,27.238364679973746,8.045782910383322,-6.0756490029596195,16.96306099706935,-11.224176558519199,13.187164785601043,22.697637770950273,26.33909418743508,3.1625038660549163,16.793000165172256,11.238798520773173,-15.15368661798964,-12.679068450614828,18.238614650014984,18.488741001174084,-23.267311287752307,6.288806020254329,-11.785031024846369,8.041321265566973
22,23.519136813408238,-18.055735029393887,5.179617543048577,6.280231722242759,-1.8156926649929783,8.681948615239818,-15.733604960047376,8.493046367065478,-3.1487693831532804,-0.606474493328105,10.511086330637534,19.597426166583944,-7.02885806748983,-12.308122689694002,24.21891367176936,13.211949473996984,9.803127200628895,-5.555416677245336,-4.812732773447727,-16.616517863339006,-11.469062548444022,17.433681196448504,-3.1166464834639847,-2.8573721661766793,-5.120800390940709
23,15.940487126270234,-8.692270339761452,13.004499640508437,-7.994537109174061,16.559937637345598,6.413992735365961,16.827743069072426,5.01529983483836,-2.099070489726506,5.783411512072586,1.3218975270744933,4.165037089077071,0.48432092108713953,4.781231024966272,9.434750928271024,4.627528600677709,9.493383279972335,17.61902923090824,23.409198488114072,1.9472167256671609,1.9010134620350096,-4.4067389553113285,19.90963764467438,-9.757968962911765,10.092106624663217
24,14.143949070170915,19.401313869492828,17.504709943069596,20.72344067489331,1.3181438571361888,-6.840170575136832,24.72848616268384,10.410641561855574,7.337639289420292,9.012292559160272,-0.32610943081779364,-18.955020472359454,24.177048236939534,16.50736363366141,5.265547856062523,-3.181410271314732,-11.19572870380598,19.165346085473434,-1.2497887732865722,-12.544047606324568,0.6350544551885247,3.354385529459817,34.365027356636844,10.16739484994219,19.279446119615137
25,8.322682489379396,35.491539006574165,-3.128769772666006,11.988098849105217,3.6628209956808226,18.491091526847764,21.956542057505512,7.258537552525594,20.076733906280452,19.944580165822867,28.714238588918843,16.853385483269225,-3.482793400395103,22.788759339162088,15.041268168507798,-5.9014825835655005,-11.237460966743242,7.293291598408036,7.251151644736829,22.50361537158499,-15.572224919981618,10.359601014055999,4.163808058150728,-14.436475651718016,5.67164340387098
26,16.239162779368254,18.978334532242645,-10.581203148837913,51.9043569066941,29.907005798867992,7.572774387823621,19.337297867335906,14.854259287914577,6.693489968672474,21.10804365638351,38.45355739438973,2.139640653555589,25.776995614808765,23.116556015789513,2.1525944889404274,12.02058092918963,25.890442054679788,14.441796970396219,45.45340655248359,30.99384724315329,16.560281700066785,20.248710665965827,5.306328274555869,4.2213082393698524,27.801555350317432
27,-17.98408949030342,-17.96807341239827,20.02075979455865,-4.387416509518253,6.011092266483302,-17.565890315414098,21.88206688195652,23.748884429867214,8.68435997875857,-2.3443724555779495,-9.262373746137559,1.5501334263447886,24.064158995956156,8.275435130485583,28.587679751538737,-8.147512755691709,-5.160290647071109,17.74116431975832,3.4925247627698255,28.773799812683404,17.2428533206802,-1.2204420000172043,17.109594454176715,14.982880483426648,3.1296562022217618
28,-11.507860817728924,-2.155532574743975,-1.7718181080606477,-19.508150158357086,-11.502212965106494,33.59175974459429,10.13033183286873,6.771942025831802,-10.397756591327461,-14.143578785580402,32.269441221416294,3.4098957891229253,31.55380906692599,18.13772298983758,-17.122148928956925,-13.538970896819922,1.959903619363336,22.544105465738806,3.2090216768333035,-8.6069179486938,29.40233044513455,-8.555171301992225,-2.9027241610306844,-17.86650608424226,16.054230294781657
29,3.5148738392287058,-4.660635335985856,7.262137472654238,-12.284319636813445,-7.48269910743998,-5.526057081103033,10.051687021956774,6.309739647594405,-0.6419514360719094,31.124305088146365,-6.550299500722026,4.8266466215582735,16.727142260877326,-6.348745776475904,21.55115930646407,10.291650948596397,13.7867356002203,17.606544907193022,9.851976133067256,-2.719508011930067,18.407585487624676,4.90142807148191,10.19725368593417,-0.29565843493439026,19.137051485676245
30,14.768022732614392,-7.091110442762101,5.9880305747348626,30.001282007390074,12.067615828798598,-1.1023697085985127,-5.115849977484747,8.058830981231896,31.755060984003226,14.77305625879459,14.480862806613374,9.197355487741797,11.049072221702591,19.107070196771353,-6.895498427971355,6.6649174624099015,18.881983686594168,-8.13764235420116,19.58051110614313,15.727400336157572,7.00434980511185,23.27789027621749,4.327115207562429,15.47843347398828,-12.19965056961905
31,31.47309384171143,0.40096738357122264,7.628378532140925,20.07261544008041,4.941646506847803,30.728609380507336,-19.953561542928178,28.347103140581346,31.69122562012462,-3.591360518360851,30.742176167762377,11.675249402553419,27.75368495513154,23.70062927855087,3.1808174531367133,25.92683882351649,12.231002320344816,26.971635545298334,-4.409471413544844,3.6282839343839166,13.636887138587896,18.93718218645534,26.389269175960465,-12.16159527031644,8.420825381539016
32,22.944960289826323,-1.0090903753241895,19.530768324464756,39.13491415334986,-1.8060036036288727,35.00439263480599,14.317139958799821,24.282196421329658,32.066589710874645,6.782119792724616,-7.6102456497282525,-0.013732431170229376,19.943563067703064,-0.4899535553865313,26.672205552217196,14.001456853172122,-2.5043931365894796,7.628047919302816,-24.064187305507822,-3.1632714270420577,-10.218071777786268,9.45073463381383,35.12673401195247,40.167725653393255,-3.095068830927568
33,33.692853396300265,29.524730412712977,34.364175535125895,17.730819525346575,-0.15988895761201394,54.057197182617244,28.856720229967987,14.199504808951673,53.24521869393021,39.4357418758742,42.23610281937014,-18.99315530817989,28.355621955623267,21.72654931367235,38.6114427869404,8.35828994959455,-9.604020295238021,9.255103077921003,-2.315729018247846,12.673632599280317,6.721475449020317,8.895509398765583,-10.575956772720364,-13.22648007045166,14.535677122491517
34,2.8252484480858726,3.754657967067821,3.633986297216211,-12.744675154721625,37.30821858378995,30.999926568046234,2.324219714440813,-0.0015470195656535068,-1.9568989669242214,6.7807474262968785,28.105953433544546,2.224258960271066,-13.607465835811599,7.223472064586273,8.511379805079077,22.855435025001658,41.02911982815472,-1.3656057380216247,13.55283319909091,-7.63035230514728,13.115566243720764,5.163310409863328,23.814103386775777,-4.499574727879264,7.389201330656668
35,11.170652917193147,7.265650320110184,-6.326950460510146,13.772543027376646,-15.447471668140276,16.36983530353815,-4.009512524547867,25.52246772207078,-20.013883718634418,-3.607354241640233,-10.021037461444106,32.293388907473506,-2.798764895938448,8.851861245304118,-11.157783563749884,-9.589960994162123,-20.090521482402018,11.795392840308441,10.913104747708273,26.480977182561666,-19.000753207549728,13.161665980821015,-4.690775372050726,11.26965871480829,25.373137120924724
36,18.82319676983892,5.438597385709723,6.128366783116268,8.96716520677616,-11.178025302970527,-17.205845242730405,11.41403993050105,0.053445637523338085,13.512990540939697,12.737717124795914,2.388358918881557,20.501141252287148,33.7455302500877,-13.749620995706495,34.357761104337655,-12.622896463174392,25.899900510991223,-1.1467397295539752,19.011457964390004,7.8315233785313625,20.83293466613922,-4.706822167581849,5.907838712885531,10.205609672131102,0.6687131380372815
37,17.8094218456855,22.51574997286707,11.2862777661343,-2.617420566568369,32.08426428778451,24.277059640382873,31.81873123331846,42.04243509709936,15.529139780314834,42.080298945487435,26.732078878785973,29.717490550128343,35.20907473556493,6.344988547600733,18.457290561875197,11.775968932130882,15.637420255253522,5.192312610358025,-1.3110879729322917,28.99088121331245,0.06584254714311832,-1.5583283302902373,18.576128378356827,32.71010630592502,-18.586239148887888
38,12.578647379997594,34.21398683112973,20.754408105769887,-0.9995260526508947,16.370586606365507,12.097053444999524,43.6188105683019,19.937650334505143,47.507683456009744,23.855931576707356,22.727640686725074,18.307820059275485,33.32545399688186,23.932284248383937,-5.98342578063715,-21.218641116911876,16.21120034401746,14.168063529021026,-22.142856496077506,12.185548313285356,30.519015252420495,14.414058654455975,34.915702349248555,17.933028128479304,5.764396754575222
39,35.76561133420693,-9.78966653568975,33.39294214998537,4.0264246198098625,30.866087110937027,7.349471292139582,12.935270677329797,23.058060387180014,41.883804103891734,20.508263958037634,5.533580848980825,-13.177317620205208,27.46280699282092,17.431069418168835,8.872749854150035,3.1882487851196935,0.7481377090975867,0.45988578063184704,30.202009274849317,23.485853588879973,2.7240938182060814,34.52593306195781,-7.538095906226918,24.19899266693878,11.70406546609069
40,-1.9955603435934695,5.589074024521912,6.693211719498547,4.8466208161820346,40.094025362858055,13.229450341959037,-6.935689861463267,31.402316069004474,-11.00864600969115,4.104287996593081,25.90756871390242,10.062519128498225,14.531869317927502,25.57333976041687,6.114390174680949,19.94454048836048,29.586014941690394,20.68279257821744,1.8831337845221765,16.706260234771978,28.812533352490426,-0.43341594428284935,13.933670949429137,2.951113526746745,-21.164281180084075
41,3.1403578691382954,-3.661539467214937,-2.482138817258476,5.478938035699865,-2.0172447298569693,9.350064451449434,4.827019192023019,13.497588562552277,-5.6257959688659165,-17.747202747032524,24.519886999088115,28.199204471521206,4.6524958559520915,-21.81413234965018,-8.851283662232184,-0.23277957380129966,-12.880151969165045,14.290398355900848,14.58067870888004,-9.230851560897584,5.877190944875331,5.478034195165334,-2.4342375823161095,-6.180332236715601,-16.490332748107488
42,19.209578801441854,19.97545108742662,8.334206111099592,-2.166787361771546,25.2669515789463,0.8919067517344574,14.376249199090484,-8.74209054443977,-6.643489596397065,-4.3137409672601645,9.830883681208848,-0.5676562190820977,2.3184906203265365,4.652019926768299,-4.8971801865842135,-5.518086929326086,31.206514112407188,31.41205624766343,-5.925348449453837,21.64319337784534,12.335653255238073,14.403361212387331,10.03601852682347,0.8570917040439207,19.54516668714749
43,37.55936569290977,15.713197167269966,-14.028314390322274,26.515663533379943,15.163257158476458,8.884885333296836,21.250615353085244,-4.454627678640994,5.465025719814241,-1.6477433145884888,13.350106411635725,-14.15299360988972,-2.5783766395686705,5.6374094800337025,5.692587725736953,-11.95770569808198,-17.836448917060196,-3.208234653526569,16.272264621917827,3.7939022250194707,15.335292477315193,-8.976522065499815,33.725866123825426,4.363183761015012,15.48259101995816
44,36.47003725201784,15.049190126966304,31.881861107796805,8.082666885822984,10.850037249889333,-1.1471428185496153,43.710796483119914,3.989209353123111,-0.506992586059622,11.620354458839078,17.82276305009569,18.688137438622306,-17.344298732897585,3.8823665918363113,-22.320448231729827,8.041490588671603,10.372828874775779,-9.344030103971573,-5.856988361790444,47.37579936398053,18.696048768353652,23.204416183573393,9.996658695023527,37.092304761548654,9.71976149576308
45,28.74582187389962,22.858430345072552,6.929525109351623,10.973222857915129,8.642292432809565,14.465070229898249,61.53029153546969,14.205514307315628,21.230732908521716,39.56068697393487,4.3399212726034415,4.882666243793938,-27.666419762807934,4.968222866489602,37.35055632643893,6.781905630518838,6.35743435504706,13.02152682586606,30.4418987357356,20.615943883614378,-14.28674483398002,22.353269839498772,37.39400748843716,28.169461628980766,8.007696647861332
46,12.341528369053197,26.40217622969906,8.402666903075943,-1.840919473751934,16.783406352244153,29.61311940486928,27.609053953217646,-4.935130847855817,-10.622419627061127,4.946044226851125,16.449611305526084,16.07587233638099,20.493174443732478,-5.5134812077292965,-6.0167688367912655,43.986245900707104,-3.0665216175284087,12.972100692011859,13.757438213892055,4.554257607086857,41.805892637636795,3.637261603020802,12.80774129203809,7.815432019034018,42.99047774419129
47,6.350557339411008,20.868831205764007,-13.372282139522012,-7.921439787303282,15.60257859006697,-2.243901721609391,-14.512239310101148,0.8268603637407668,3.0586411629751784,9.497777031508496,24.842637078566035,15.610376187170973,17.20887880263788,18.78482875251154,7.221243876418366,30.488751716940538,13.79460787397348,3.2835897731579706,-3.10763474328963,24.790672468997297,14.279047381764263,30.346686052027124,-13.959205937197321,-10.859389148464965,20.412519484933295
48,-8.585909078595728,-13.267278788715116,16.20036334451244,33.660059821554995,1.3877243681662854,-16.16492773644059,-1.782048492597093,-9.723367581805132,12.877877180288106,0.4408385110460977,-14.523770537271703,-5.396605223177557,12.12618246253243,0.08697486113997233,17.520166983177386,-16.977275779395562,24.103958396962867,4.079575752052016,2.3405735270497496,0.25514993111564177,3.19989365099471,-15.572133179601305,13.556757223324318,4.232226625011511,-7.6260386122424
49,-4.147534247290885,0.9010065196657618,-3.9309480030654385,3.033227497931395,7.591097951463678,1.3560735365566365,6.636223229605122,-2.297300467828008,16.889895142045557,17.65887396119116,-7.824564226972461,1.0863809971035392,-9.642214434666638,20.555127355943437,3.7218019066765726,7.076688158355754,2.86994149928194,2.5205713426874015,26.28101767176483,10.43351532937628,6.515379934852332,-7.56549588628135,12.116710853180443,-7.1293406559901085,20.417591760148145
50,-0.30889708827442375,-24.428681864396978,-15.068878806473474,34.189626938543746,20.35213807399233,39.51973677953309,-1.1898049138604456,-2.768704333172711,12.579855827754251,3.9025030863038737,-20.936477705092216,-10.927798808216828,28.361349319598883,23.39980878351562,14.31521878991332,1.3461160464652564,4.894072473895575,43.58275338953207,17.6551927976786,20.291081421127185,26.882256326528505,19.39411784939488,21.51663649759885,-0.351971627261616,-0.5530514095914105
51,5.102947704693786,-2.0888556700643486,5.513756744152172,18.775289101839647,-6.8323460204315225,54.09759796822575,35.070022258008535,12.659674548305846,25.926759394981335,42.526760656763564,24.75376347644383,1.775413090827712,43.23645957341409,45.77464014802717,53.11385601671029,5.217431886194273,49.66341836763219,0.6231656678717528,28.630894212873834,60.21339615357109,41.57470328852173,8.293367802931648,22.42620370366419,-4.925649986582663,8.37257512359939
52,-0.5714329782858649,-4.073942299311405,7.389979358946581,10.398723267399957,57.38178853756423,46.39931706094701,10.810610168952213,21.527355362436065,-4.632499136762084,6.630427306306403,48.280706994217894,45.07113263547231,9.231427684150784,-7.147568888148607,49.321601847961176,23.9554015463513,16.86826535889276,31.89418800325135,51.283813094738704,30.621877089096955,9.455035461429606,36.026946739970356,6.010478956874231,30.946563737510395,46.57997236342758
53,13.176287961872612,38.36694300803918,23.985189154460954,17.947417691817165,-6.599242900203233,-12.97033110240988,47.40911896214321,13.429085803959257,11.69038995286038,-2.3354781940549714,20.736658195488378,-1.6486264693883346,7.446515251834578,2.151988833823044,15.612951811273481,22.68169611683942,37.47120556315555,19.94178482183354,11.145393355408297,32.69743577332031,-4.83826065876872,22.170087217891734,32.145367100082744,12.166352052567515,6.648727919754416
54,13.614518805767027,7.034229190051873,-5.878425080857503,21.733956342343383,24.70199466392298,4.939961299248667,16.97024447647113,20.046859923879886,9.734549344880783,6.363721471359952,20.628464737445622,3.528591661739136,27.221884438541252,-8.632780143982991,12.817882497282122,36.51196157402817,-12.761319678552075,12.060519388585968,19.43761471806514,21.184228594812193,26.66803445377461,9.310737618886936,1.925598242368726,-7.015668593225248,-2.1600671249314214
55,22.383535022769493,10.43656189514748,9.074053704224543,26.439986821549912,25.47188171764291,28.17176766180105,15.470860287012496,20.52410276972637,17.875001593583104,10.176686624468,-2.7816504363266823,21.71476432789652,21.333314214892148,-1.8766551650210828,11.690499193963513,-7.388706967423957,20.918164840564014,16.031698933399948,4.6500863988240795,-10.025495280523081,17.488276201968805,26.265341895005427,15.873465681836768,14.341298285502173,21.38975727428512
56,18.29684691416642,8.824449544309072,26.38389851973362,26.298243583640442,-4.573335878060748,26.336691339440332,44.011445590364055,11.185091754283157,30.890313914243524,20.141604476510317,17.831466347898544,32.087628126571005,29.919432826158456,42.17438147602451,41.791343783894646,30.57854109377392,44.683688127623405,35.331051291149336,15.95054158267489,48.263767553042,-6.448118082851359,21.02970378263886,33.31635900864889,6.120345627659204,43.84453696968965
57,13.778675053902564,54.963512904201735,54.6669430296145,-1.93298830645948,38.65916829748673,29.424701123936288,35.02652080072439,5.184522600716187,39.64190808530954,36.038619179151205,43.65185302640585,14.947923988240827,26.647261483658326,29.41282038440133,71.5618786801412,20.633619669889374,13.010303881725962,39.927978307564615,15.727508159889954,13.409210039441108,31.470321211618867,28.984440795247124,46.0257526566526,1.3626322671887605,38.743702358196536
58,-4.054453731214658,12.624099288202132,22.47721260437416,33.06807353249723,39.40741293395119,32.907417174748,54.1281104136604,53.09925705237826,56.281404394214775,20.26110466480823,22.747693739576974,20.034277714358264,56.29114932565605,26.006993124270895,66.5843065111667,18.16000796084657,38.669574670337724,17.421536499699545,32.41547500796344,12.68922597582733,58.50234373331627,62.16634942169928,42.3760581587661,-6.282072788184829,-2.832703404644695
59,22.607916770990162,42.244724303996094,33.93814527445507,-9.385032772631762,40.378388747519644,40.0732830030906,-1.358896606168443,32.99547636771058,30.090611459601142,36.358145276788285,14.247061592990192,29.47226201375797,11.943771747728443,-1.9748043113470217,36.27002872884877,19.218679348181304,20.25398681460153,26.17799721169557,21.965658228862765,27.228126552751547,8.378856660943498,34.567416251034246,23.635402995244803,9.842525275440892,-2.005982244164315
60,26.72701229294446,-0.8765741012688597,35.62598597790115,1.705778412833425,-5.126782866392521,1.1194446229338073,-13.461640963564653,4.986020376698031,11.852229950069288,-21.882456121942383,-8.570432938823686,0.6656721296411465,-15.74737543814981,1.673728960622439,6.133266018184859,2.720182503742982,23.807399409456103,14.804744120968477,32.089508593040385,23.45451724496619,-5.319498796012418,-12.597918185320488,10.896089691773694,42.22671967096695,14.7586428812562
61,18.158941116286474,12.911088183056203,3.1618552789971996,24.28580033570266,34.933085145157314,7.868089293257449,13.786962888143371,12.014422987313123,18.88852139805303,43.77348245812871,36.596608052259235,22.691705615132506,2.0063658686214123,16.580318154605706,10.960209493167403,26.946420706262284,23.772022012088517,-8.37663509651747,14.465297595654931,20.84456862411403,30.12792397054981,21.69658002446912,25.72641770521541,8.694204744685191,9.811718783691097
62,16.13115705493818,22.383132996775448,16.569762773493593,8.525350241189603,8.44314322864155,-3.8504039447708616,5.892808752714638,13.749322527904464,0.25623899292215846,0.10158622363228886,31.36229916644213,16.696669625205434,-0.4003596296742953,12.775450898197825,20.918659092372526,12.391284048130128,4.277121829862191,32.21289270046472,17.59029957355551,30.263831691807876,22.325002683168538,16.946201289558225,19.2899102109504,14.14953409863765,33.22999252989532
63,19.53169767686747,50.30603549494572,21.77052707387714,24.13240166775803,31.793729019299683,7.834324162817005,18.843981536736607,11.575340885175368,38.05404165160648,-6.657270018774314,57.47250477713367,10.911554031623352,32.073514420250895,38.65082311608733,21.885963996736812,12.301396630582584,36.651472183887854,66.97949651434034,32.311271608285466,47.875943598295,5.409116800140103,-0.16237384001888522,43.20572271403883,41.72420238007901,38.96230241498424
64,41.771560983858635,42.933538519040596,33.88174389581139,42.50565504463794,1.4902059246348944,-1.0982936177447966,58.01720807230746,28.354071576373723,43.73660176855211,36.73361080005873,24.68084705431128,63.19048562059761,60.781474866761485,28.47554780564364,5.251813639388303,43.78822216741557,13.439023558789552,0.3211126260197794,23.73724535653934,9.268093019778124,-2.9000985185751773,24.313101173850402,41.639266028476314,56.00179194345243,64.33509846091427
65,53.49572018971412,4.548730586725624,26.52584871501984,53.87066818050424,37.70168247894915,28.517698502166283,36.475505399509956,5.364469762456829,21.52786059526334,24.03582549575769,1.5006931979031712,35.18761324098149,8.467636335978813,8.280641729205016,13.91526752546202,36.729074927387,29.492953331297656,43.09998134129279,36.29336982252805,49.165933187356124,23.70591090195038,23.69739482541302,7.154328846463402,-3.8590715792953674,28.749695041340622
66,18.713778470644677,9.356725076072665,19.64730052579663,15.394124306089136,13.749844855908545,14.142026543625526,24.099851847523333,8.383019625041817,8.67092556305833,2.685912816863077,18.254563698548004,22.17299758414911,-7.5646322902546945,26.65863044979992,39.54506110279444,-8.97236707906725,17.66085158683989,6.584775862500187,5.194211836229194,7.784010700383487,-4.758003189822844,8.15517585804292,23.03640015881688,34.92291496345659,29.561594709357898
67,7.072399348501014,15.394446502282804,19.21194885935085,-9.65662761973248,-6.29747921410541,15.620873458237606,18.995844591419804,0.13180829769103664,27.019309407816237,15.147650097011635,-12.136031148507199,-10.296927600384219,3.0489463596494377,23.87894235367444,-4.623735402930796,26.515750210688967,27.102978029539,10.682401249560355,-0.5727648288331624,21.141140212052637,29.399159166725184,29.217498084510623,25.607814364248146,16.378080473762964,19.91009810511973
68,12.390332399318375,21.377929688344814,19.588295489923723,19.794244246542867,34.99401953796489,3.987675476600402,33.31597710713581,-3.7050902498123155,22.740400720696496,30.117653523707904,-1.237422717332911,9.226961941499347,20.89264682165077,31.761389192265188,13.020738157049356,-4.684895735696517,35.131937290745036,35.48761539961644,0.12943223657063285,16.131652164728017,23.55156571917775,12.175095692959568,30.35941099188038,28.769081586612902,11.826932936530124
69,39.44208411568653,23.03416610134527,8.842399378840206,42.798014456459384,24.52642533216772,55.492552431925546,32.23609903605572,26.47738942214747,49.00566578187526,18.18285064098282,18.273341093850817,51.46159561304579,8.627354847753871,38.193370612388435,10.050484799977704,18.931406671857335,45.28730477244566,34.76327390691963,36.21704230526538,35.938537782212464,21.81510814670181,17.70138780239954,25.27566406807903,43.623032966620926,28.02057221173674
70,39.37103822993582,28.771157976433308,45.20846637197752,29.41978004019682,58.05906873049308,46.49645768100753,69.69463525688387,3.988527381497943,11.629190613087115,34.60572733393621,40.752748688032916,66.34825320662499,25.859219840335843,37.37932523314545,17.085156023316046,15.484896748217414,32.82700298324804,36.355628150150906,21.35140396552275,23.13440271015411,25.13899884457535,3.4865827668292564,37.02966105421655,40.06994093724846,74.66284493754333
71,32.880759211746124,26.206950837861307,5.932731970961438,9.009149867180707,33.00096025320401,54.94457878618056,13.968858593203741,6.387632553278914,43.506467537596116,-0.4224665463800452,4.31206584546649,45.62635594546908,23.045376204980442,40.70006516466717,39.080998301907314,46.82994597106463,12.654442720325262,29.151605263630085,12.075050652645437,23.665191667115195,23.31437937122891,-5.572806879345064,17.248799141636084,11.1278839636745,26.69202821136066
72,13.044158376367989,18.431507464444255,4.566989649342378,21.555147331108248,-9.338973031587301,-12.56170386044285,12.200120088766518,24.39791381372435,38.77402813708273,7.8322424482110025,33.09491806313922,4.707670312135615,38.16055676004064,13.416929357715821,26.055111601198412,25.05577388730502,-9.111696227132603,8.670380363745572,13.142588415741313,-8.136375035457217,10.421149274632711,25.22054647737518,3.8533476445465267,16.531623039916603,-12.594667122919486
73,13.988568971202454,14.120141899490964,-0.6257297253039193,10.699859999633818,-4.561879300787739,1.5193138277023368,0.37758896439254563,35.512070286232905,-1.988092780536057,-1.119345593870977,7.396829182322531,1.3005845477507902,6.421961401264889,17.56625920850145,4.239522425220363,14.030075343165425,11.223476082037271,0.31719222632489696,-4.849377892427933,22.98783514540907,30.7244518452924,22.311740370387753,28.13849806344312,-14.305270312447462,31.01453614522223
74,9.174415816955612,30.7291831524723,7.647841275463534,35.20153291943584,28.06908002722813,2.943120860629114,39.3817101445959,40.16060373142481,11.866846394922394,13.559226778719903,-7.304746746971302,15.561580804780247,31.196764811682264,22.551750928014282,16.602245466462335,6.468046354931611,28.65313837558335,21.65123770755804,2.9630593959157316,11.540478347301697,16.99374568493132,22.96954158793099,37.221306938198715,37.439755301000076,24.976781960786262
75,30.4841587077927,39.16541979468631,4.256569434149059,33.3082390663499,-3.5921470840881753,33.23661806614409,28.17324133626007,38.45292799800876,49.375932176547245,8.932761093827601,25.866267417574726,4.004795509265094,34.55881461878041,38.30703158697148,15.088754304269505,26.391704501052715,44.52432268300254,6.146420500792136,39.67866331097373,17.08583301597044,13.970257294281126,28.530907286202584,38.982965514364004,30.792433648387966,53.53845778332161
76,57.453389168038164,28.237664780630055,32.544737794108045,26.183839248106644,41.125023308282614,36.95845076880939,51.59460147191927,34.08085592391671,77.22109099164878,18.644553888665353,40.99376027680114,22.908473495954013,52.92571410221895,47.976847736631264,20.06609718850093,26.216802153330903,11.84006826746407,33.515727996710815,68.1034916298668,35.35998342014933,0.6052249795333857,15.64427908910942,43.14709611633733,55.276662348417844,34.347637476442344
77,25.583978370007866,1.1207331654812442,-5.009183052148169,27.483678965612814,36.07317913544009,44.29376045204318,57.9643923526638,40.724185974633386,8.304172438485903,54.87682430002857,12.324762806387142,19.21595939609038,17.74426358130476,2.628356003518512,30.141827354644345,22.928904063783794,35.91737725049846,26.86567023430861,48.60402081649026,2.3267374997301555,44.40016782777723,20.327281618312043,28.946704662065876,44.34947318964552,30.115051474967245
78,-3.036636502026406,20.867551413798527,10.344463513144767,-1.8451692131163782,33.7628473562691,16.73694972685797,1.0044071548945226,8.029609832062478,12.165182017961483,8.817530509935892,-7.869592966289523,16.13510817765716,24.921963597948054,12.130391950525773,34.65993039025458,20.33017915859472,43.027054458274556,16.489230932266967,21.187918094126935,9.522251517678631,16.084530320009144,33.900578401079535,8.242587188501817,20.69954116801511,25.657410527647304
79,35.383929704330036,32.02411084204928,3.110871344034552,4.021818487446812,-10.274381962068858,30.352094065824154,24.52742506546533,-6.845304162985299,2.7091629049577906,-12.367196427377229,10.800148019844055,4.097784611451599,-1.5804306451202663,7.2855397605380015,2.2857944215210395,9.299137247477546,13.588865157203195,23.17654042825348,-11.827655996134798,10.80600856791644,35.16126533448512,1.718088484311778,21.782010366992584,-10.728763805145503,-1.6169772506079685
80,12.199869200988632,14.449715412831658,31.734927476640557,15.6545473890424,-4.859509125136526,22.334487580086513,19.31960432291838,36.60404331624381,31.424411200621137,26.582157481044916,-9.050788000437972,1.3906633458262747,25.66738147464415,38.48561864051161,13.44847873648721,28.22279458768973,-1.7217209970885392,19.763805838407734,24.860767570257497,6.026888021958976,34.26467955738577,1.2655400090428026,29.32277287130867,28.26194420999846,11.144606271109724
81,14.353986702462683,-0.20578183965759322,7.030205726429569,27.486603661952948,33.73921863088568,47.16294371553482,26.130540006637982,23.222107862602453,15.873668526177049,30.24823885392811,19.209066621325903,13.049171002936587,27.215765965319715,17.887081288409036,49.56363112394381,28.841126925986536,25.214546781150176,25.472779801107915,-4.814820298539031,34.82001727144872,22.13101318324731,21.17362050378063,6.7364168446846815,15.230169093508716,37.622862349119266
82,9.378322579019372,12.333408019161737,18.564144162003526,-0.11777880864496915,28.407384796749838,11.920021842658398,15.663190886895105,20.459121207852444,54.17022955886931,30.958348081253945,32.624637625445004,34.32570665319679,3.330904347867701,54.3476689420994,38.84583435844797,20.30502955031018,0.915899955014293,65.0967407771185,54.82606649134678,45.784421436663166,17.413887265096626,45.8964485558984,51.64568511228408,25.66713381857247,37.60209958181025
83,52.21856283970271,41.66792467073756,11.790702515289421,38.589795659528825,45.75501807299412,0.8977366003025686,5.331314835534131,25.47710472498352,48.4973764411426,31.904798302372797,56.288274227562425,43.149187897112704,16.384202531655223,33.28557183045222,53.92535663986994,22.100102036562415,48.473163614348444,10.362094656423558,0.23687844077658227,13.44128087510982,63.580547282791,41.958649467724804,35.613916451141336,35.40721281081043,16.54732442793665
84,11.72176214986141,17.90751903126782,33.1401151290395,17.64275912835356,2.1928409369952053,1.868369417525705,14.87988035610564,12.506774965193047,-11.784740971226842,33.99410028252311,26.06963080987566,21.72419591501947,38.11129262789213,25.74073710951491,2.9874256868967226,3.4132979715272977,-13.61583014883163,20.452523699771447,42.06487165359131,-6.068201028869671,23.60138779976753,17.955313812559616,-6.798831147914635,2.142680550212143,3.3923197846024005
85,23.961439876772946,10.317362462729047,1.9095867039287588,33.101908234617845,8.736741811350013,6.030760908245403,3.2599145262492453,4.450304172583353,2.6779690983611952,21.784691784699877,26.07221140705126,-6.565688323370486,22.9977892054586,17.920097097069934,17.417683212373348,27.353853369278067,-13.067716097936412,11.116745868387381,24.417184005920546,1.8325902279913124,-14.945742272564111,-0.5291419517130933,18.55940071933873,4.329257554279999,5.023100134959119
86,11.55064074903369,-4.418699311760038,27.36432761978675,1.1511783902288037,19.78451051647319,42.79395060996892,33.21174535098984,4.497701686826998,-5.658831130500545,18.602751464616464,-13.066804963151448,-1.2296700927696298,7.743485050755857,-6.889900409533562,4.18968067055721,8.007108979366267,28.951028595731465,17.15763295653558,6.566504517078638,23.70465773819624,5.435440731714507,6.987295565688664,29.641725153658435,18.78741925567074,-8.634231969375982
87,41.35042793523117,37.79342467376791,19.060254237832304,45.7934780169752,6.682550219014234,31.276111030766838,32.86832380926822,11.590894986497501,23.25165126255391,18.48345998637217,10.799051141670544,9.221809238856354,13.314512554272564,28.98182981903278,36.13788720545871,26.215283203937634,14.674486222539093,25.073797167593067,21.303479251716798,8.585665972749066,16.06938629695015,-7.312764776850054,26.494193812788673,1.994003684831891,-8.780636663268098
88,14.918464916425378,47.063012109334295,64.1080975282993,2.8770039428963443,32.03599863095397,43.415234101524376,68.56013800000895,39.062445752090156,14.240797415588748,33.409840856779425,31.14023487941142,25.256773797892148,35.075480788045446,51.852858603622344,11.65862141252563,21.8882181719256,34.45280887824472,39.82017638844391,9.536185001769919,45.542641419262004,17.534088929311764,19.629787332323485,42.38447100378337,-3.900372372214056,55.2128139708642
89,61.41963194456395,60.49929278213269,31.99823323869341,20.66464407569185,18.481630592605732,56.79458279049288,41.21809201194661,49.88184877086099,30.76202017378649,38.689081332042484,66.57536588776553,10.579201692815616,44.3283802181015,56.32134744917636,44.77359240849953,34.82165721755706,40.42353639496996,51.26311928265101,25.897184153527277,10.24405780280383,-0.4869978316656116,36.81033364915773,-0.8287903474372005,50.588221727428206,69.94951344123184
90,42.27253162143673,33.37285649225922,42.72867467056526,0.1377789397997331,-2.5429950539608948,11.522013048807578,18.423433029864025,38.7436978532614,29.128038672013435,11.786162331230614,-7.842487487825384,16.867559645519414,5.766656165680029,-3.2940519014351324,47.30810928883043,10.821304849663942,15.198720030004647,24.957123823481172,47.67505478674153,52.13591431101841,35.519738989732744,18.395031544768464,7.885393828471771,29.64099692152567,43.47185311792894
91,-4.298226267183523,20.06761535709574,-10.111403957583274,13.822691405886836,11.416648709792863,-1.107611699868432,5.672102844979447,-2.7180700590415423,28.116515832142376,15.075515079638103,14.09847029324895,20.382662766165993,11.08953266636279,-0.3743655867937514,7.651029366190569,12.697475011182014,4.42006605984599,-3.753414008608873,16.2149200119759,-11.35917592871122,25.657653975931392,-8.876179228781423,21.86550839620301,-8.512233523790254,1.0862348409979035
92,18.669257044099776,15.071457533949165,-2.6193889040981264,-9.49026366076431,15.600289001479823,13.076371399280715,4.200478071485351,-11.827034812214716,18.706560781130793,18.571363766652254,6.639060528053462,17.49349816393642,14.492233359401489,23.129248113750236,36.025645897467435,-2.356362253088588,4.281993825162351,14.254920771874323,-9.392515019707554,8.626522692907683,0.9417506173432804,-5.517286002769261,-6.731999346369372,16.1083577053761,33.01966929334888
93,31.51716130760282,24.818703119735734,14.438097109412052,12.795572541771593,1.7843165987935743,5.731958416160938,28.703844350978933,10.146541174412357,12.940403136719848,33.206089269199516,15.578653306692429,21.675533445264886,-8.363371642719656,15.31693981056791,19.360352379538597,17.84815427800631,9.141218401794974,13.515279713039858,-10.56704164564162,-6.823127085929302,0.6778834739093691,17.69907338970342,16.40506097054412,5.554576740207446,27.3864242483678
94,35.269572692999255,20.526359159120865,46.47629364784597,31.984998523461947,23.80648554262418,52.37033323490643,14.135785659704682,31.391764283769586,45.07611060277655,2.287422795278532,48.784753676856205,50.217129911774535,33.49653989753808,34.62107568951015,12.560215589385008,9.66821850540444,33.52681804187318,55.11615598624502,28.160700550995788,30.16720389736411,38.00168493105031,-9.310421389036026,8.04132390631884,37.9008079179311,19.241315223686023
95,37.95082246733489,56.039125896852276,38.54686745439826,31.012987103756597,-4.782391330381017,30.269227886940328,39.20115710537478,37.10122838220186,1.6435957670325152,-5.681696238166451,53.991340488262495,46.546060822467226,30.206057720773288,8.958638626259845,48.03910056449968,-7.6774108739403655,66.9902470323889,26.894459809868195,43.8392229196959,35.536638326477984,45.16619199730429,50.1559509654782,27.018554482210885,72.04661291454148,24.480125043874683
96,6.178975369542126,17.490596333389345,-4.500738889695182,51.110189963143874,45.17847956674255,39.994114902179774,19.226927308939985,58.92149191696839,60.45564463189486,21.28911003423417,17.857704246988256,33.483531008085556,7.360483436987496,28.169571953259293,17.24632661468909,9.959886879302285,20.824732128653704,36.89018982350174,12.660057861260437,35.248666327035906,2.2612179884301487,9.902297391794443,49.33646323462062,34.95820647919151,10.843704952954695
97,28.784991416543612,19.79782587522766,12.358876185560044,8.251431757349513,11.825636618490847,24.68612069543143,-12.40989344635688,22.958813913800128,25.640685009975257,23.999957008770746,-12.65367437136025,9.706169994226316,8.10596533567513,-2.613700394833214,19.85480997172088,9.241142834063172,1.9639755309774074,19.519759905048865,22.819148877760334,30.070128211297018,42.63281081479356,14.284961962420438,13.510861241910913,-9.582973668916857,21.8149198968891
98,23.93061471762835,-3.4463596374349166,32.91386078378006,25.522274715229024,17.711082757071004,-2.3383772482537974,14.982634610740686,13.95980168381755,18.160404863103704,26.761868341481698,28.895398353978745,3.158959128312013,-4.476783094206171,8.648689941465804,15.997659848118873,12.107472073400018,20.520071849531178,-19.177274096667333,-0.427117563284126,17.471093614635418,17.801264296724977,14.435130765510861,8.62227762375333,9.45173933776794,-4.380378565518903
99,13.655041603136452,25.738616055276804,23.164524131926402,-2.6547542840418092,22.24752864015229,34.87300495014561,8.10246149538888,16.799807342385733,17.296827581304242,23.0629498622389,8.601458228881146,30.555948390425314,30.166289060480707,9.586978659052416,31.63907917624973,20.136458864327686,4.606590955575301,-1.6306920185153013,21.31786818794172,-2.778434828348047,7.632855827832967,31.41062888430173,31.50302364112357,34.61680080578783,25.24925908912642
100,4.8224645214053785,10.577261128213273,33.806245387253426,32.09796411448444,-3.7539666236257236,46.196254728262254,-3.147605598963244,12.538897280042136,30.0763112419629,19.933384419152517,29.005681529661373,47.79980029223037,33.69151629253619,3.857411794950254,23.97771115476068,34.361730295367074,7.5980850306614,8.308629515155598,12.364571758719801,1.8871929644899534,26.631024130758775,37.924705554731986,34.03580518816757,16.272003837640362,21.163665830101028
101,-2.615215722497007,-5.630691967205249,-6.686000700412446,0.9671512119835646,-2.7694421063228596,1.8999193404334465,6.700727478560081,-1.7030173639778599,-3.0648730954878975,-2.7744426169740666,0.35856636498797556,3.42485677126818,1.129536238567412,-3.0595275738646004,-6.312075211589094,-4.22961170659776,-0.1275728380470016,0.27753727717789056,-5.540438641724289,2.0960881714956674,-5.43908998319495,-0.881260560321206,-1.9963441766269743,-0.6403246605738817,-1.0927064951224275
102,34.496383236869846,20.876316859535674,7.749193368136405,16.808765369147913,15.34958274675752,20.311219270213826,31.69937850439676,34.288072205568305,7.7692472229574525,31.653627821355936,11.28881601267526,27.143595410822442,32.51438146160349,25.62451065776055,22.360929312687343,19.651382931437194,26.45719187046179,24.677716419678283,22.29984767645171,15.57875985794084,26.963989854449945,18.016586069638375,24.846999199326515,28.556196690033207,34.78687866336427
103,19.07105078515359,22.256122810124438,26.786057418544672,20.298616730464214,32.14360308009442,33.054838000579124,24.680777056114522,14.210227080487085,28.76935657483801,34.43471982228867,26.962821093860224,17.67277847662743,30.49157700512528,26.750452850651573,29.52643671105767,14.835767640593348,22.154277256868973,20.564664814509758,19.745999362531535,26.66841263744303,12.560344085773533,18.910787777656406,16.515185487375625,28.31013623394762,34.2044446407581
104,17.278847752613107,16.20089102135918,7.228198755855012,7.272979367922061,16.01878791255011,9.793961044968743,18.28799103971152,9.369560949529443,8.490164759681154,6.9538996264338095,19.785799706225163,5.494483166533495,9.868283579974722,6.474099757945633,9.961786578596838,16.948206072476687,20.709054644909642,18.1701551571773,15.496149315548008,21.849544930031204,12.86644507801618,19.483068056572648,19.422781348629396,27.53005841255534,22.89406605621586
105,15.302425922310938,12.849592704114238,26.46127661760763,18.95049420342845,24.564319186739564,24.62233802976599,21.271868498156046,15.430422236676355,21.340277756836187,7.03321268933007,7.137419297834679,24.943289100976365,12.64710419864025,26.209347014192304,18.30360182511197,3.9635267531902225,14.501264832398444,10.284329628339574,9.389928888347587,17.464558311138777,19.38119489076223,12.519416295741769,15.42624686786747,11.138112926301304,26.02110169730913
106,19.055686900578788,20.848278289388734,11.232498716517078,9.501776149008911,21.268100153762074,18.54458107199886,22.12740948093963,12.577842772895634,11.648340264789523,13.279039846614058,14.015031133876318,14.115012295589958,8.061699617235071,8.960949417978505,9.265459716082402,12.680912397563498,6.229582802088819,21.09353249077523,23.69256067284647,20.426478730931464,18.475037858961677,16.1804994394886,18.14539989264188,22.664984792270257,20.87393372288832
107,16.68644068752026,31.81771791847943,10.517669900803892,22.166960628555355,31.603091973225315,12.315744329694475,28.817673125992652,12.866979748183027,21.861154343162635,33.442320386172,25.71889834479901,29.251317923022043,23.93033095116138,14.100029858853024,33.155053167945844,16.1427948665199,17.14845895216344,17.96103730598367,24.86032918644776,23.25077806006908,26.646612447401736,14.938815105465292,7.318925089615658,23.430435283079962,22.505921338978172
108,21.265437567250967,19.02199692834107,34.05739808970623,41.586698608305795,35.199315354600685,20.03264047760935,28.74492345218939,12.506617044193526,28.203153041759776,27.848269240908706,34.53997008843867,21.353030416000365,14.462011637830678,19.227469893768706,23.545936577947046,28.356914875488858,26.772422284008925,35.189392609687204,42.36971854149167,30.951737749989135,38.38945057193797,21.033246940605824,23.93904634071545,23.876323899536903,26.62565921165339
109,13.359958710273052,26.03734249568822,11.600820275646146,28.05178039446649,27.936110162407328,24.089538886527517,15.454907102800444,24.02150085459842,16.332328153158436,19.695162275937808,16.122056565018283,34.97057559046546,29.11400694130738,26.039177259391504,20.480487970403356,30.38162459722946,23.947258960796063,30.91917809583839,14.181369105403128,23.321003540121296,26.957981477867957,24.755197167669937,27.049845672768974,23.247147326130236,31.99740786037234
110,16.681994864586798,11.928684000078732,19.865505862057347,19.626771927500748,22.15266532134264,13.752488645071193,29.336194265119612,16.983075429711892,8.669088523217754,15.974352757241043,26.494163822191155,18.936898124362703,20.096977573533678,16.891591290986035,22.932507585901078,27.175255495442467,20.229900919183095,14.871024331459072,20.01251645151371,23.388776055030398,19.420120496292977,26.588426625684992,9.7263743816852,13.139550998284683,7.125595056664278
111,12.413151613047404,8.404621770008752,9.538378100726337,17.177634992080804,6.202079840682589,17.742072857637822,18.88623793464432,14.463540109025256,11.620760651502609,13.637630660613652,15.26077245943761,3.2043123640055073,16.206788231692663,16.411281554649555,12.507384536113095,19.830150498585613,3.463760584418044,20.106042518636936,21.865071292894772,25.371114523303806,20.33009594788816,15.701453920022445,9.438284835955143,8.573652799660936,19.234786379573396
112,20.39015296179772,15.533832167160334,14.070760442618978,17.57507955870454,12.02974001553726,19.99593752872754,12.219873015805359,11.379609581015439,8.838328813690264,18.94900120695338,15.358012166725773,14.362553898747452,14.351766820691488,20.86541811140008,17.434950988484957,9.86456223981969,11.854250436810503,22.61293905024018,10.028536964391044,20.59157148817367,13.819749176245807,8.787714735218508,21.82109701441396,16.04012492399717,25.46469983732519
113,23.127799773348787,12.847493293473132,18.11590906684243,20.25825295961509,17.02381751168304,18.586890995038306,17.458301449568904,18.365526045281463,21.912236463100047,12.6826703816436,23.31359301726321,24.10461768266228,20.82470646775892,11.624838088556665,19.91663261172063,20.05590334824008,22.13603648644048,22.713368923727067,24.22949645787694,16.8313363998436,28.294938543632437,16.995024097851953,22.411815448894615,15.470878701645463,17.446723424715447
114,17.76203794131945,35.36264795965567,19.642781900699422,22.18840059355777,35.29060910497791,23.54998551403789,30.598566014863696,20.17443406229428,35.44747063463598,31.277447753774428,24.468009469738988,30.589901347297324,19.03988289128783,31.097479623639845,20.748969029258866,23.504021454185807,36.81048337137468,21.228401185023547,34.15384204514191,31.458955815424645,33.12225510768609,19.443656657139535,28.62551109336282,32.65696276960215,31.110207163790417
115,14.874460250628331,26.760595434700182,28.58957367827004,42.1238996542639,29.780413945838053,30.591297866853466,11.829166575885507,25.84870748321039,35.69873480206489,23.78303494181869,22.89236353131114,29.486286072798244,25.343859298569207,12.316692662935179,38.64583411814768,26.086014292167,20.86607320920536,35.87511706715311,32.61306990687141,14.423256891079927,39.225568603438056,28.924512389747726,17.51891694482015,14.74430167944853,27.814967933278453
116,9.457352847489926,18.738130593620678,21.23185574162352,20.385445944139644,18.670566710662097,17.967817868128055,22.259249361546683,25.29988813326258,20.805925172238226,22.182353729943266,14.153739272626638,17.072043762591843,13.215690646241656,19.908085559846995,26.428400022789724,18.231583991264202,11.300981909316254,17.962916880530955,7.685374051813512,13.161038959039853,14.254225354035574,19.24539583811965,23.595855420844597,15.804195898635896,25.966516552299304
117,21.073997933537783,27.51921874686137,17.287953449202867,9.181968595555071,9.566200191525354,5.811842774955001,9.650113071218737,7.440625029348521,6.508665401246247,13.64268072880601,8.67303430507319,21.1171490467944,20.76602318790381,12.087589117345049,14.278631832198037,25.829833252108795,7.026723765325403,17.62486839188017,20.811265497293114,19.55016914459055,19.908838255521193,19.96175790817248,7.488947193313173,14.66932743324741,14.621822287598544
118,8.32407800959977,8.259326170354726,12.689038489739799,27.538501768517083,5.757236821789219,10.657032667664836,15.808393987810648,10.127213240430164,24.77004163326555,18.45073742111453,21.59315048659571,14.465628655758932,17.393893845504167,22.640261311632376,18.702939942122825,12.30077522858225,17.821375765782037,13.294125980586477,19.404459670413775,7.47371838561904,7.129154739820267,15.725002436448102,25.085775503409728,12.83370584524469,10.145327305967387
119,16.220474007763713,11.66127382609784,24.158484839879545,17.29297922219093,16.132167711076956,14.89515370514186,12.95735582613989,16.752096866494067,21.269423628660903,17.349304639363027,16.12062012969386,13.142486972560489,7.51377162047073,20.19911568004087,20.31160090815547,9.668294745379832,17.14249180087555,15.3911801894112,22.83664092880492,26.43045569896534,9.047838695764854,23.670835654420404,13.83385423884934,17.08866720530721,17.07428660611376
120,11.922462183049575,34.346641507243916,32.65076213151917,24.17118632455528,27.131719180925824,30.287299041204363,26.730400065107975,23.979524242565006,12.557416378578594,31.055009631371746,25.004121507042882,26.43078466217766,31.73356417719119,20.488883774663396,10.985980617016477,24.370057716669557,11.836619664104902,11.108508255134332,28.27755978607258,30.562868752630365,17.438149316892876,27.121758483262113,36.009108839665664,30.823914370106728,17.546540607025918
121,17.482105759957015,29.22993108112962,21.094268885179194,29.1870183917676,27.153322217514543,31.448215989928052,34.35080247646979,31.980903566115753,26.92375853452956,12.473120947980664,35.84933823048776,19.24431436339576,39.61007375186825,39.79384647927644,22.788274678386053,40.332934882621025,33.54749820724005,35.67875358912109,23.17461505307214,29.592347774096016,29.11689198832138,26.407166998327167,34.61510186829884,15.468330972682454,31.302596043399316
122,20.02862924214715,29.162171101228683,22.15665097648839,15.478425801566923,8.005845846379298,14.895208702227368,27.52057012822236,18.963352078563876,14.051939212308596,24.07298042733248,11.178441035504576,21.107203602977805,25.473310771973733,27.334570687759335,17.002850297315835,23.20400307692332,21.395099029985683,9.821040088935838,10.772338959775986,23.208718651338053,23.96991001099536,6.256859666138254,19.084115075277545,11.590121797657439,19.89889902993454
123,21.89141536278135,6.561721338069805,15.404971684247798,15.697860865911757,11.15120083960917,16.603524629910527,7.482818579784679,17.850255746225923,11.756741065614362,11.871139860872235,17.688886250211468,21.165708721440755,12.500020934651097,9.98446810656382,22.6630425844511,19.81679597628844,17.155168265020883,10.494014080689325,11.013337819421361,7.4195370775891485,7.818555201645527,20.03763148160398,13.649166274860322,10.180687299620566,10.741678909052599
124,18.786103026860975,9.179315023315153,18.48717223402741,8.769633423220819,18.13067306127953,14.942209604602263,19.91026903196201,14.782908635899052,9.80920708829079,13.926680084550197,12.250448406641413,13.895805231110968,13.313221153537645,14.842770992722459,15.825167614350288,14.896890801108967,16.67880881582196,18.58179067261613,20.791017030593025,13.210079528721074,12.141709359103011,9.645956634626511,20.9451096455597,6.274148445405489,16.664933589972062
125,18.750644381652656,21.716254333326006,21.060719509796247,21.91298108872836,14.306914496119388,10.168759822503146,24.120007247348962,17.203535182152258,16.143787988681954,16.8389106660423,13.068715259040342,5.388096630999591,23.394576872697225,20.25961870638141,15.275101933838338,12.552951268848085,8.974739279461732,21.004184352691038,13.177078964702105,7.949320763108913,14.235026854734928,15.056336864767005,28.099658960740417,18.22964390175497,21.732165760561855
126,19.764517263589113,32.8513851465836,16.045829873835217,23.17819764073519,18.481749891767915,25.152452933325346,26.843863177977457,20.784283360207347,26.220442139805265,25.5331008219518,30.317642265256847,24.519129869314412,15.889272987075843,26.879193995012667,23.51984886357582,15.464181640221673,13.381978704978675,20.065992245354348,20.186793435924997,27.497401991659373,11.622487712316543,21.760712048601835,17.988418009245613,12.189937142215909,19.526116517328916
127,27.314457009527928,27.59712442803296,16.22616800043072,42.27767343634395,32.85490214572492,23.664276868797984,27.017633599511772,26.394057366149568,22.92041456099593,29.87403148210035,36.514207706857874,21.99679044360799,30.598492160680962,28.852263726923105,20.617405601788402,25.782948606806713,33.24124953739621,25.83800576576996,40.69570626335017,34.83016266654585,28.35879876779813,28.667064913099544,22.278218260411165,23.355290049731046,32.89585472089621
128,9.50495014481944,9.544071950166979,25.49450531581923,14.881332036201746,19.753630119918515,9.845914991867026,26.36190416250235,27.18928922991285,21.709361834820303,16.19087206577404,12.927369893294296,19.185853512793315,27.016968570320596,20.15204129225803,29.805117840600605,14.507394261304542,15.135438053545538,24.16529430110604,18.08951926061324,30.123269684822766,25.052085369695945,17.610268525567008,25.24682315361823,24.94350730627171,19.347418561694866
129,8.159152951630135,13.323430913050819,13.120678146284723,6.265761805371088,9.174587655683524,27.384322353302124,19.169222661471846,16.93064556072803,9.210482724056142,8.103632679926028,27.839124838492804,15.18174890486,27.79914236478989,22.21460295857696,6.501823722823684,7.328844475777418,13.842672378447066,23.738305754875103,16.567355171158557,11.491344605372902,26.21866721204631,9.750252404336957,13.028487247322456,5.31537036278885,20.428002819215983
130,12.401669419890325,8.713188362315746,14.27228596312753,6.2642457769544695,8.139457584803417,9.825887814580687,16.875750247645513,16.24488546284683,11.579090041858203,24.579401046700884,9.648578780586778,13.265413965567358,20.859788121304028,10.911670259704895,21.059195860445445,14.484443912067542,17.039341639814,20.38942525233511,16.543093905583753,12.44428814177426,20.899534081625003,12.679761028535431,15.842305085525345,11.072981959986166,20.33447304314112
131,19.014732539381907,9.595511039251905,15.22852725421278,24.790598960608683,17.631704679086607,12.323283108863915,11.415758897815651,16.14014826840805,26.121707958594637,19.454004762685088,19.744672600882087,16.278396723335625,17.664511150697457,20.617677092636278,10.273878681056212,15.089134204933401,21.01708027161351,9.971843088240465,21.449348312239728,18.787782310705563,16.531753032793503,22.176121891302444,15.108155292390885,19.145664662793372,7.661382545888801
132,30.02112894565153,17.731101123700338,19.43700304856382,24.978427111536924,18.65925025712275,29.42460505447509,7.6959986548948995,28.15533516850514,29.11696227245807,14.588199085715862,29.220763875917683,20.906272552715993,26.832152717688967,26.319002001313315,17.85246416910077,26.91225836543534,20.29831156397259,27.455822516696333,14.435886937577154,18.478108685280965,20.698071921646132,23.16506926223922,27.84660119572804,11.456261798307454,19.47269241574605
133,29.782169205437835,21.601661286016032,28.429103280569596,36.412635142924366,19.788116018113456,35.49951178864957,27.908791217366677,30.39619474734241,32.737848348121574,24.059485419682332,15.88464726978987,20.652687274491434,28.027255585726447,19.680161526190886,32.1539242098899,26.380734461964575,18.227311577350502,22.6175169083305,9.84771182481201,19.553035896878693,15.373806924317979,23.925701366965505,33.99290397492862,38.3488641031299,19.11605756150639
134,32.98026792245859,31.802065864445527,32.6895703530057,26.22979461090742,19.749062630619587,41.23266094517134,32.20509134429393,25.052527846277293,40.55457001594826,35.56804252448215,36.4635730894182,10.899915024463999,29.6171799485979,26.987907147799817,34.731180131690955,21.3643569049155,15.280553066756802,22.479033495274184,18.181312110334808,24.981635125560803,22.77586411774462,23.22824054154283,13.215106532284478,13.256122744759065,26.00345123217121
135,16.13913964705702,15.939299234029965,16.76201446301485,9.501393418240646,29.840079903534367,28.922386826755055,15.29462541592014,14.929297414054709,15.366095874033848,17.074393815717123,27.063371559309815,14.42415031974173,9.050346784035597,18.33750811388062,19.337917443925893,24.260140574135086,31.56775120725151,14.219302326224891,19.4511746864469,11.152236701960346,18.929532351783905,16.94020874687773,24.597843387941786,13.218036968344267,17.174167395297005
136,18.065480854561898,15.949026619631443,11.380562227461905,18.494351289393755,6.200217998204573,23.314503569228744,11.183768622111627,23.340439217188603,6.660364643522854,12.569593082447643,9.81480273449609,24.06389085153396,11.40399584091315,17.140371619960103,9.775853097699867,8.60474344632257,3.5847766071085285,17.234870518369632,15.154066505525728,22.47159665915093,3.8560098242258585,17.277854093999842,11.288482960332331,15.780215527325819,23.16641284862687
137,20.822072619291443,14.520369694114295,14.436224327726904,16.525952238159356,8.003029601368823,6.8033874917155845,17.38036915247249,13.456817779644288,17.807594678397745,17.648892457545795,13.478197738932087,21.46712270691121,26.307613031964337,6.571184526022866,27.065733460349854,7.159545071687539,23.695087382834853,12.359169738527804,20.423180460407785,15.995775903954883,20.433587907303593,11.065307457921275,15.279438811374135,15.737697731925486,13.394977883034871
138,22.386300959398927,24.716527716016298,20.306070193890452,13.786091402766774,28.957930412050473,24.539387516153525,28.22897757708701,32.68104941473619,22.064372020382173,32.84926518754863,26.411139616958383,26.81083320559825,29.785386279687977,18.32188596841507,22.91849697598871,19.558562649057144,21.260672372226825,16.46143487185049,14.046487080823923,27.159228250840407,15.74051224002141,14.819060541289877,22.379182197896533,28.726937847807164,6.61589737958789
139,23.96179121165948,32.830992395490824,27.949473122933863,19.265895551538296,26.421446711901417,23.82996613130595,37.041851404152666,26.902075172662293,39.23645070958959,28.321558293313387,28.340731302725565,25.899127174014716,31.573545228269865,30.81245125935924,15.605304025672318,11.283243495761496,25.695702668046557,25.983543933697973,9.898589414528438,24.63639130517552,33.047757464059785,25.427482253785023,34.54707318395307,25.747858793695066,22.68278440420756
140,34.876053583896194,14.319496238275917,33.02331626503343,21.99656432486837,32.65162873102813,22.388086398094615,23.16822730349157,28.834711931721507,37.01215751542572,26.274916064501735,20.691787602702004,13.293840174774946,28.951163508838352,27.987978092699088,24.093045132325116,23.05111804175681,20.392555254600047,20.004408201201887,33.940595399983835,28.868899555011705,21.746197365565358,34.28517772942951,15.727752387691831,29.414712664555868,26.58789526957836
141,15.054743286396068,18.64107548974751,18.857037022281514,18.035828873800682,32.94630761816136,21.097741580968577,12.591982773138643,29.290904153922934,11.791018819415886,16.992323433180957,26.280869959007873,20.701118305731768,22.057707879302654,26.14760100831843,18.005392554862322,23.394395284120023,27.71734966641381,23.490545999113074,16.225351437356448,23.49641288391351,27.668388748189933,15.506948107182604,20.965785184582188,17.918180314406698,6.33877988446571
142,15.296926079929808,11.43859121851664,12.501171115245931,13.599540977933156,13.957254435530292,16.66414251032818,15.016737067115487,20.00095479730895,11.583339218617253,6.023107046227779,24.234523275685373,24.391754425197167,17.279019005183994,4.618299780897552,8.956080700409359,12.587264046428855,8.125334376190816,18.335467899972276,18.41263270844872,9.773376527390246,15.239333810872987,15.902516696828933,11.191194212922031,10.495811253447847,4.229618995071474
143,20.205018173852988,20.195180757633832,15.188757971939358,11.416826296310466,24.553027172515797,13.145228815674297,17.730653096830576,9.823380237233536,9.325170459299756,10.399894122039655,17.357069470500765,12.691922709914778,14.144863194100978,14.02359826918764,9.139358451609498,9.71726748429153,25.723523804506947,26.179184294037707,10.175082016046403,21.136946188958742,18.35330198154614,18.133035226011398,16.651528574322015,12.501298185546183,17.76782238745467
144,29.902715124877723,20.56882503650035,7.738910457799126,25.27902536019385,20.757373061688835,18.115457102181267,22.936989357400115,12.368046257724462,16.363638038026515,13.159210705878449,19.267737861480946,7.984582314735601,12.798726754821708,16.996657317968825,16.755150622966426,8.870771490304532,6.2888415832578355,12.63847890809966,21.16177813030677,14.924516012262155,20.9236945579037,9.696097463119191,28.131029602397547,15.19832263819551,19.77680585757541
145,32.87436996309405,24.91153275285387,32.31072802915926,22.361480998887924,21.195987925803017,17.901793359722273,36.14036971531868,20.492407783263154,18.465852622525997,23.438241215506853,24.183028075048686,26.316648149028914,11.232297719529843,21.246454407979126,9.45778858877793,23.164602464269144,23.276228882599543,13.99430964259871,16.31360156139604,38.20817873855925,25.75743707594841,28.593330503094215,20.949667505049717,34.51972664519031,22.82928485663139
146,29.80053794994927,30.10524037034476,23.210667727297587,24.281754006139938,23.180053780899744,26.933090830787293,45.213979161611725,27.860249217619597,30.291456278108644,38.517203014462225,21.564357695484873,22.73505859693759,9.986537671365175,23.45483840087117,37.82151760953735,24.888505892567935,24.054361035617458,27.355104621374323,33.578948613682726,28.273444545668234,13.714523019223595,29.164175007146554,34.83729279669073,31.548894767235943,23.60725631719258
147,21.855570920305073,28.032314275736248,19.908479138013238,16.16317972643421,23.508394885092233,29.878439079572765,28.600781730336383,14.591668719700666,11.990453672481044,19.359711641235165,24.28305768489249,24.38827903732246,25.23997832259449,14.086550156023964,13.805553879097722,35.68581532664679,15.327032456015411,22.02961143919443,23.40038946849277,18.88195513900239,34.70273014922645,18.592955185530766,22.250415283371755,20.473732259533378,35.30214410557158
148,17.606928348312604,23.20723686876342,7.828639570696084,9.979187335923699,20.38829754453113,12.74392293535657,9.737424257279686,12.971581986609673,13.97643229920481,17.84835533618485,24.033962430937162,19.716376733255032,18.3108760754684,19.76460571426882,16.986114439142597,26.83106241111058,18.91942732296049,15.10784846693071,12.975931317579345,24.812044592965144,19.006985106457197,26.409592808243858,8.715034040220145,10.10930805007543,23.017512657903353
149,9.355926804098093,8.494160017807523,17.522097218338697,25.526843710585307,13.441877645320364,5.809055351039523,12.449752312629911,7.175991096184401,16.790996949841542,12.383593967610851,7.130503754922308,10.09202180046206,17.585413389387845,11.738371270985139,19.457876309479172,7.425977373097745,21.868629974349172,13.311294249610368,13.75406528936402,12.919353768101649,14.526148726482596,6.6749651697817605,18.593211182727124,13.864851281725105,10.74119415485823
150,11.033172999195305,13.602363467891104,11.211904889445472,14.844730019529818,15.769204044765644,13.486173157446316,15.868648005119672,11.481650901806946,20.60642949621448,20.07755636156392,9.863686765857082,13.648783197990749,8.854397341330674,21.472394885039158,15.22119247247803,16.933479912868204,14.487769113772089,14.553099124627117,23.97445697438044,17.324218363330946,16.525903596816818,9.691739436253277,18.363475951128166,9.593015020567895,22.063947134561367
151,18.13627616105108,6.7331656788943555,10.72617210205628,30.922519299930812,26.04013795156964,34.284666551744394,16.885227188934966,16.04299537978015,22.00302901411718,17.98329651859153,8.606470308677498,12.148973494287477,28.698810154635602,27.078632821760017,22.80674477853546,17.204610964086463,18.92601770305057,35.72312447395046,23.229080998819306,24.49117148645356,27.6268156144747,25.52261413745708,25.14549610093579,17.557031083310495,16.471766509687498
152,30.51154080403294,28.100351021253875,31.327262235663454,34.414299088146215,24.486664173464742,49.60869335556803,43.24515289571373,34.60760329216876,37.71327341479681,44.787638547195215,41.03754961320236,30.18913985947981,46.33584304212819,45.6681363056583,50.44802587201564,30.758611992658352,48.485141007169126,26.963073677441518,39.95080572033653,53.08267945285114,44.36057202306222,31.785425538404063,37.20079584840246,26.537072233199467,31.85255013419159
153,25.292432238418822,23.5145310779314,28.75818463575631,29.194787629001645,49.34996425959142,42.94964347064383,29.33405292257009,34.18941662916533,22.18700942411814,27.137390961109915,45.30955949161969,44.20433743321008,27.79643094106882,21.016366250624028,45.24396669424531,34.40763087147457,31.37031974533519,37.152077833055806,46.13671930957519,37.129526073078296,28.314122051118492,39.692067286514664,27.45567892904451,38.21767953430427,44.258084462626584
154,24.100649825428082,34.60783942658799,29.232131211092533,26.696636517111425,16.705959905324768,15.376722958418869,39.74107584497574,24.122812522835474,24.561610325412463,19.001869610832866,28.43006133458033,18.211029220605685,22.71230668336932,20.73659217669902,27.16277157080991,28.93691062216576,36.305000280289924,28.728788625404164,25.514464321993213,35.097788693566216,18.10252764938576,29.382474027122452,32.85262993265611,24.782950677510975,23.128347115844644
155,21.30921049727797,19.778416829257843,13.610957901944456,26.39483192329371,28.47921944724773,21.0839109294376,25.76170256378314,25.671982707454205,19.844172390298443,19.604451970620595,27.487178681544012,19.08509899282109,28.914957349813154,12.593032290326487,24.918503538991416,33.0389539896363,13.337968289455745,22.740692313116675,26.8645592171042,28.90308475017425,28.53617614385648,22.1991718080998,18.98700696107136,14.18696578776769,17.20744986651051
156,26.1853020339363,21.892175068371348,20.468791386633246,28.69010993569997,27.81171113861685,28.95551420328779,24.163029984656,26.20915548176844,25.359568899496487,20.978812202372033,16.93628554364156,26.19356240167739,27.058603191557417,15.926435278560433,22.690236173644845,14.94429356741448,26.751902876605367,24.75729224539542,19.560921703384327,13.85789356101428,25.092357400535725,28.802270700988274,23.9164265544736,23.614654865439068,25.774739763380914
157,28.230909826613853,24.253345894891815,32.71384313758242,31.87842203422892,18.758483429818412,31.4122608590333,39.08381804598849,25.188346468401534,33.965730012405956,29.05452365920375,28.124012872698085,33.93276588489363,33.15927082437243,39.74475827519091,38.48050748892679,34.253947221482946,39.95693769260871,35.31416836292799,28.404153231918748,41.629676227618305,17.920662292538367,30.148603510072476,35.48658308135467,23.433645574218545,39.818267230785004
158,31.83581937232706,50.29920948704798,49.7918682944935,24.8122051550628,43.71641780072522,37.732425887648006,41.13053110140093,29.336529336930163,42.09353433071105,41.49780684028304,45.49005518772235,32.03547247650862,37.7794970401664,39.98281642475908,56.47915211930919,35.806640659169474,31.049614215128745,42.41528483387329,34.55902240078352,32.30865695137929,39.75849251547277,39.32121336362128,46.26881458825525,28.174451164197116,43.10416185139762
159,24.22750507078485,31.529002948691645,35.65520538420921,40.82372857769613,43.52435158325672,39.25983920376471,48.35889042507396,49.12237745237822,49.62962015419934,34.53091566042014,35.20637249019478,33.71402104686062,49.37812378609991,35.98852122746102,52.93195728427094,33.63937648104561,41.21847240450448,32.933903334222784,40.69567567119459,30.418300351374373,51.50220788304709,52.147712855959675,42.24662987564079,23.915782767939834,23.75176683289695
160,29.837515267348248,38.85715954918986,35.26308586365428,16.586244184218753,37.95760050848414,37.956337378919244,20.638973525163976,34.96467779157752,34.199469464191615,35.966846820512394,26.693180905357757,33.77976981132928,25.977887120220807,20.07588298909136,37.3275923857088,28.319222436409092,28.751022537109016,32.24509878049667,29.967909953940772,31.998704433676938,25.524589262525506,35.68096974778425,31.69084305853957,24.34038622557881,20.267013916896623
161,28.175126625729437,18.646834105817415,34.5596187174235,18.116679347798872,18.272634817807617,20.90843652713152,13.708538926823476,21.8803440429748,24.96908166111022,9.542897001971074,14.725292153251484,18.850977857173298,12.813588266723123,18.92449601298413,25.081765674619533,19.012166183010407,29.06956297844165,25.089839435105063,31.8473214933624,27.79806876526335,17.421912104164925,15.128825384685648,24.963725989222592,33.706267545957104,23.0707209421901
162,24.55524093055379,23.408212148629037,19.57148470591752,26.291205214570336,32.79169554697752,21.243458911059637,22.57567045072258,22.815617020442655,26.421194854439833,35.89761921115778,32.14586436987359,26.578910040872888,18.114822405092035,24.153388874477056,22.885344108524,28.664017522833433,28.36628503924955,13.967515327827886,23.859843371899824,26.828837889938438,30.18987850219981,27.406102461192543,28.8829060904498,20.733200147207953,20.62271550207078
163,26.08854729866728,28.93516800921676,26.17745067635308,22.76014819500669,23.462576212177133,17.79695511791392,22.50134444923336,25.78770300468237,19.688205548061088,19.84241137121248,33.00283586394178,26.965149292595996,19.96270638284624,25.019344073529265,28.50482334593205,25.507338825870477,20.71389000561661,32.86112866585685,27.00178044136703,32.06428745957523,28.37568031076226,26.879951094997864,27.46143800509515,25.308071175743212,33.38426893904683
164,33.1897322122599,46.69958762675932,35.532997067109896,36.206051297711625,37.60625451119584,29.648402763710642,33.613570267567425,29.869060611227745,40.89389593558498,22.399035812352093,48.95004019364441,29.62280918854717,40.08750531442836,41.713747478154595,34.899547865958056,30.058509852435815,41.48485607172352,53.96580845560833,37.86545330477977,45.14441343255518,27.322662035237364,24.861912216449113,43.2506656891515,43.176607298132346,40.72438485825115
165,43.998845112532614,43.31819559145685,40.51839344429894,44.567067302583354,27.52443693035232,27.877305439241916,52.37567043035639,39.713698000652286,45.643109061683695,43.24999932716208,35.80878977455413,54.566203466930375,53.60799427616504,40.0212916779031,28.935583978714433,45.657050790109174,32.25697873713091,25.498864159916195,36.95451405416375,30.125964480601844,26.01175718127244,39.056033738477595,43.8183617459616,50.200103505610514,53.79440764188171
166,45.008163066824224,23.896554992454153,33.99039077406414,45.129320409116794,37.76615594633955,34.024489662453554,37.880907197053865,24.406755038036465,31.794097813847976,31.741873158375377,22.475095405557187,36.7685689469899,25.48825860216257,25.04587725675764,27.627651093080765,38.179558941887294,34.17258224175672,40.545446598220884,37.23897923571237,43.27852943729394,31.138395940083026,32.182085305582476,25.048899348233505,20.568927668664976,33.57756789416342
167,28.270358519697712,23.197167298864773,27.13361986884,26.422957942266954,24.583622582354696,22.619039733201266,30.275264524653426,21.908063457549627,22.612128347958,20.502076682200666,27.177563523933852,30.20141693512766,16.165819388229625,29.81826258186062,34.40209172012899,15.74894635093076,26.11952723190344,21.88798890508276,21.129409015357652,23.35998075021726,15.384375894960892,21.10775204217041,29.583317846579096,34.24360196938906,33.469359113419856
168,22.21581600463804,23.09389026322,25.9527537690796,15.439798503698817,15.41905342060734,23.324615456747562,26.46738289035526,16.776460351882715,29.38080518829577,22.94492067011654,11.959201953704298,14.871408720789754,17.722157500358023,27.6559288893374,15.397193609520965,29.227438359186408,29.02572057486558,22.370736187804454,17.966425159761638,27.11740559995481,29.16042221743932,29.489064155203394,28.44895498018478,24.505022805366053,27.518588867924304
169,23.705836310017805,27.044206082660626,27.287607685192988,26.606958827686146,33.19344538936276,19.774232894006477,32.39368131755107,16.667096189401917,28.412271773342017,30.83991847091309,17.840294120355566,23.122591302317414,27.440622803730648,31.768879894467904,24.320627562670843,16.215087519844943,33.57704457634772,33.4156831746045,18.812324105174486,25.079416452556654,27.840802167959406,23.031490952883527,31.807068296724726,30.290245140954628,23.244804582245177
170,40.29066240847045,32.62904337766761,27.48759480341777,42.51279889224934,33.67076313074015,47.493725198772566,36.174158952997075,35.333784300855434,44.24829914204831,31.479015441195813,32.80192656767057,46.17870831488522,27.771577866703872,38.62923500970331,28.396446574697137,32.95185642178658,41.44656698227032,37.42376593470498,40.033627805852795,38.21374012300833,32.71524053610191,31.417678471508896,33.20768904941122,41.44702576901601,35.6457054005703
171,43.67474125798698,39.01851523089754,46.44499617885399,40.00453765001864,51.48166289522543,46.951558336817385,55.594290070712994,29.695865647549883,30.884781366969747,41.53745845829113,45.49140567860325,55.454305036718196,38.68939350159884,42.939963890897545,35.176999214362375,35.098829970947904,39.12958948895477,41.273242958129636,37.54519365611356,37.3112312410427,38.92334270011297,29.2199686471695,42.031395951986404,42.83076238169647,58.9367405577429
172,37.27558751870294,35.24514583081949,25.814382784671984,27.08303957604363,36.55089466062487,46.40823530792611,29.142164145910915,26.433817280653848,41.83625264113247,23.186169934115647,26.056180837859447,42.167976600084955,33.332672990189835,39.91053415467888,40.78528524184012,43.991385533238144,28.145233624419205,34.76731064871322,28.51641957872395,32.77049618803094,34.278899671745464,21.25439302647361,30.95526796251857,27.44384269315991,34.09850364295387
173,25.518619425156754,27.01479637201138,21.210575728725434,28.225132325790245,16.606279642372975,15.551566510994933,26.200085174848574,28.203083547310705,36.57692297615225,22.399719540378314,32.915211515537706,24.153381454299932,35.2315400680528,26.590836993219565,30.73690752824296,30.29286393331633,15.998184550775004,24.117204985054588,24.04451202017695,15.92944585878937,23.895113786667228,28.432182661198674,21.34813025023532,27.599993894557446,15.860808098663474
174,25.121675875002445,23.365918526274942,16.466005942338843,22.270131223943142,16.173054750428868,19.50466126217735,19.138551135046836,31.868437358824934,18.587593436838574,16.096304445714527,21.134930234012597,19.87817043232228,21.439345232992657,26.584729737751754,19.874797058490994,24.383095532110797,21.889477792239443,18.75789366723693,14.913905943072653,27.08554332125506,30.331742944588754,25.588116274293714,29.202097202929153,11.5568033390729,30.920844867062918
175,21.8570918990512,30.920644492360704,20.43271991017142,32.73135417301251,28.79222148197259,19.145971740013575,34.53656540831558,35.235594589397174,23.25927849947205,22.716106250908265,14.780603446584099,23.76313286826631,31.139018498917018,27.990807806358003,24.502886277094873,20.679562735061037,29.213954908561803,26.49779608568827,18.53690968538931,22.535436270026615,24.626118828473164,27.660435807737212,33.47652820588421,33.37748893038498,28.28044574650239
176,34.10466284634409,38.17072710775766,24.715961355410926,36.05263321640402,20.43260822584361,36.38867294905594,33.56599996945041,37.18603222024969,42.88138459418697,26.030260149294133,32.62696248578837,23.88967800612549,35.51640672938898,37.72446733707722,28.629699100054207,32.46921626061619,40.41728750893948,24.726795158949198,39.52042775386762,28.91318542157105,27.614913801672273,33.42660325157412,37.12476592329461,35.33293805461469,44.21679664497554
177,50.905769885480446,38.76830745707389,43.11478638063483,37.38353732749589,44.484047386334645,42.77824432919609,47.68702148030243,39.54023255604565,59.22754698370913,36.46372687070583,44.93513034439434,37.10310742233815,48.33029545697674,47.231950151114056,36.62876171788719,38.511634217444964,31.13584521936175,41.268261515239296,56.060139206501944,42.29697763420194,27.0293410956416,33.74957284941986,43.04411517517522,49.7661798340669,39.49243010272416
178,35.17456791269004,25.191373374765686,23.62242651763916,36.85393656047976,41.333855751292326,43.85518626814314,49.220370733155185,41.43937262218868,27.583270602137205,49.18701422485782,29.997757635919946,33.194987956849985,31.297309360974204,25.742562980104143,38.45731753550444,34.27902150043188,40.727393276579434,36.876901449343144,45.37220508188828,26.09095337142553,44.856936759204416,33.725370785606486,37.1709438434473,43.34553496463625,35.985776728468565
179,19.269675355182166,29.198071669891203,24.740024813734564,19.383746191819622,34.545961484029895,28.292993567040018,21.513760728203927,24.061549010679144,26.801336110293246,24.877749437084113,16.787599920338437,26.169804461279764,31.695211350816116,25.296095672832184,35.09032923251884,28.96286938748007,38.8563850881162,27.722177708856925,30.51767578129289,23.81313334857003,26.261525054206693,34.693563624879445,25.23979258712787,30.403285671923054,31.552604347058082
180,33.1252893900379,31.03510645491681,17.323287165665537,19.231713703949932,15.05741847614435,32.00931479353976,30.6707075386397,15.954437319884825,19.88145323373025,13.658748487110106,21.486888226070796,19.437566617409303,17.817071689751057,20.41871930984587,19.634397053587634,21.937156901287448,25.692707372472626,27.997272821640788,15.666893925003537,20.824186365457777,33.247128648741025,19.644168326624037,27.58208528979356,15.393272221777522,18.272875328963607
181,23.240434465585697,24.3014636297801,30.39940633518796,23.761487289883522,15.556662067484245,27.158622231394972,26.47538156438694,32.907672681200054,30.53524552515092,28.713130059766304,12.593287383598962,17.49009136063856,28.417802119813064,33.65913048137458,23.121496649537168,29.507728341676145,17.616459582038843,25.667018218074205,27.83654348649903,20.1797309476621,32.667091287841075,18.549685078147466,30.10405336273203,29.024996503396995,22.64401794996744
182,25.87896981337968,19.999868175021632,22.784418219734054,32.57585561425331,34.390649386790564,39.76678470887091,31.457641185480217,30.354679187429817,27.632325242730115,33.01474429440918,28.14762447840833,26.333209367700707,31.8715678847787,27.99488432615044,41.380546167671895,31.47687888872117,30.433887013297152,31.068086365795065,17.974905690795705,34.71562976641623,28.66938584540775,29.34010583141771,22.88558965128909,27.508362774343052,36.47397291925628
183,30.12099177098456,32.57728159619929,33.76719666325667,25.792070173149163,39.620636744751984,29.6554247694519,31.93869793838545,34.89751219111941,48.46941859819007,38.774737676187684,40.5112315183033,42.25694264243102,26.728457871414818,48.191704309003555,41.85754226311408,33.509383270650815,26.479974687431827,53.35642099648268,50.03479407848712,46.09593867053617,32.701854480359486,46.747821453812165,47.11946768034332,37.08695673699753,41.32357522949731
184,48.81933133780805,44.36108951533176,32.18968523011752,42.71164373664679,45.702392909929515,26.301462714642213,28.990563172589273,36.43737638074769,46.97488813143746,40.1317342687445,50.60493221761829,44.68685452624114,33.00806641632936,39.04693110032208,48.38177736083295,36.431356197161755,47.77686155943519,29.89448393016916,26.48377184956424,31.061210437250416,53.42406057113059,44.28871917380587,40.55861903604999,40.903137444530806,32.520780974651565
185,26.232763458780337,28.62060471061208,34.84404994872682,28.755960638349766,22.396694562340365,22.11464968557539,26.995058623521004,27.332474549557556,16.81830637889747,36.22496834723142,32.86503327950804,30.55881548054185,37.12444526946889,33.07687828619704,22.87001739855707,23.115022994222503,15.420071771961313,31.06152054024182,38.972980048370346,18.741832019686424,30.683787068994665,28.63704248086676,18.8875336936057,21.868896174301273,22.550542655275798
186,29.384038381973266,22.725269943176947,19.161074982408508,32.578620846083666,22.752155044582928,20.057237142292056,18.4362734069004,20.672519775170095,20.070638551299805,28.681094540942134,30.93237715951214,16.65469498802425,28.530518429734048,26.902285808533776,27.298743784283374,29.101731177165284,12.179925274540862,22.975351968706985,28.473516422073896,18.332024035969678,13.74922862218409,18.978777437684222,26.457780077141454,20.454321651613565,19.972769349735387
187,22.902793896168397,15.319181300567113,29.0076787510002,18.884950105496912,24.71242357837,34.350948862930316,30.839306649818322,18.636239658363877,13.784219437523623,26.741811862104072,12.838832971959931,16.868969674582484,21.19778994363318,15.454426362855752,19.062967285687773,20.38875389626057,27.698517833942443,25.287093891444297,21.78320838645776,25.53507971799047,19.602771193596382,19.918595543095908,29.692865659654622,24.952744021319127,12.896428801737699
188,36.68191439428159,35.35268499312382,27.02259828507747,38.52501385342182,21.332605094983627,32.0180593663873,32.881528864094335,24.08129512434171,28.664963017514445,27.191007425007495,24.176250880908903,23.172635271605074,24.802419680600398,31.203017553747827,34.68285436304309,29.958613746350537,25.552334957022204,28.800232976786745,28.55090920062595,22.939573284250436,25.93726107943771,15.915955753808731,29.59124809541352,19.65684612111097,15.155281721028405
189,30.52395002821952,44.12133917850129,51.33645447265492,24.956635242284555,38.16481022762402,42.008761303068155,52.72495738543612,41.265116779034166,30.682022811914532,38.01921860113718,39.192030845539904,36.94016559193916,39.34807939108346,46.9899452507071,28.70577175927861,33.174098217616724,39.11619333655711,41.23691466974331,28.806068147545062,43.819406737785265,31.867127357198264,34.59026118352388,41.080664817373616,23.057210232433288,49.743123623949224
190,52.96938788827099,51.82758884541652,39.96836806649907,35.134024886770625,35.25283300137824,49.64833025537329,41.789422109354355,47.764853784678415,40.08932289957215,42.37060264291571,56.23363695746215,33.14320591494456,45.43240725865541,50.72470671330605,45.75734494861111,42.781260660912345,44.949140890027685,48.723341390476854,37.88689394932909,30.97259655226794,27.883975877615374,43.72560536659823,25.6879861167357,50.118674716679685,57.57049401366838
191,40.71377091447777,37.31160713740582,40.460512686023264,22.64097538751932,22.01899749104828,28.033926078320892,30.67857487918706,38.80388314661709,34.376850052980394,27.849442254052068,19.217028345137116,30.81259186053673,25.71749637158191,21.10560792504088,42.77556607386168,27.378684036669497,29.012066586453113,32.857413565570496,43.29394719538892,45.01205859716619,37.63561735299017,30.685871794622468,25.521429047165146,35.41508987154272,41.073629413356315
192,19.26297432264323,29.763881790081477,16.13023406152041,24.272656428013654,23.279611447571916,20.595109086979065,22.411086898559866,19.642711363741743,30.94475284305386,25.842608675579854,25.307265149400628,27.057221020091045,24.838854567939833,19.339298859601428,24.21647489753461,24.732145044228858,21.88049760266638,18.66918837921076,26.803810896152182,15.165397744208226,29.613732782697976,15.45099150547366,27.650968709202076,16.13239002483606,21.327646505088783
193,26.87338305304609,25.370402404819416,17.39248334512873,12.34651463703323,22.368465746498437,23.597300082036814,20.262744872638947,13.31107615304234,26.43958094284935,25.534949614527953,20.436637902938067,24.19295311165787,23.414915942242523,27.050304698420696,34.2999812142615,16.02887187350744,19.61042957542315,24.285798511415788,14.49718329427094,21.674181077109232,18.257591211197788,14.317761952590702,13.794840829864906,23.982236844565712,33.38779940711307
194,31.841129664708905,28.959360770696595,24.255260888876617,24.01445512710383,18.386012194535905,20.016490021698836,30.163459461552048,22.571102130143107,23.53794833087438,32.096469220925435,24.900626314451543,27.19814470468837,14.560753534601792,24.75447271356418,26.91628997601514,25.660460936767837,22.458929181231227,23.534285981653476,13.449107958776414,15.106109999557741,18.21457566120838,25.968745430374085,25.214892209697805,20.06369817957268,29.68815809097169
195,37.54281584801213,31.151459065792842,42.77692499093672,36.315560799366075,32.93084892574103,45.52652094841469,28.712884786093728,36.48171426968516,41.909045005253844,23.08348834844261,43.955216243079335,43.44716108874295,37.88897004098027,37.35290612853534,27.890140322012602,26.669979121618972,36.874415412379896,46.257867185002404,35.2336276410663,35.86372417104357,39.083015919857424,19.456494498560694,26.681679492225967,39.295726989590925,30.873003893409077
196,42.86668946283871,50.971319372103075,44.22482869828666,40.82335122926756,25.752140630752965,40.6892235821929,43.8648192924642,43.75728999574867,27.036643796130072,24.846292405019916,49.06927448018716,45.892010804053434,41.2599039647975,30.71207684948139,47.26824235901455,24.559721292058203,55.90456248950195,37.14036782095143,47.343243649191905,42.93924851623257,46.0248275286411,50.12303672646513,39.81277557136817,58.129106855016076,36.694700241149974
197,26.200467512648537,31.62010922138196,21.999800369787643,45.86278547581801,44.389172598388754,40.44395564335943,32.1525926426064,49.314572494370275,49.94261040414106,34.50640597931375,31.670921898143586,38.52083532990956,27.81360092265391,36.48725313915014,31.283578484555854,28.637413752029108,33.00697764397624,39.26907539089817,29.402866978126283,39.84112332021967,24.821721176580407,29.15886886755976,45.88368429088632,37.64019776528944,28.378590691389213
198,32.01143682625913,28.0412988718143,25.76324628614063,23.307196625603265,24.149590604729763,30.942393845294554,14.822232592371595,30.355617374368858,30.60263909226598,28.10170237164507,15.433081001425942,25.0981870380863,22.863449636896835,18.754268550455816,29.12614332013902,22.118210723233823,21.142791491390422,28.97579659407542,29.78174948750136,33.193146433010945,38.09152912933391,26.040465980995585,26.448953732850455,17.157991870834252,27.930238203973772
199,28.331267728373103,17.203526593576015,30.643520901965758,29.881877908427338,25.197728643410915,18.622788103634292,23.838382414794886,25.437684711389277,27.26963542764142,28.4474470687579,29.642171908495897,20.218112981375278,15.017324655602982,20.936420008396798,24.73346732208606,21.20461463533978,27.048774810013292,10.8916239328301,17.3947968904911,26.334924344253693,25.476673913611283,23.457138390166204,22.656185792441963,22.38281864243098,15.507833715047273
200,23.57036016838202,28.04300183343348,27.666342719940975,16.445772081889203,27.04655584644861,32.812175737629914,19.979089415700134,24.825233197145028,25.9420549184762,27.261941175139402,21.04613405757294,30.47912771424485,29.916439030312915,21.583896086598642,31.041291343981506,26.125642666616667,20.009957296291283,16.878611776514838,26.658456351360314,17.072896726325467,21.37460915117733,31.000074345870836,31.36726460759174,32.05084698716559,28.056400801205836
201,23.115716281599923,25.135395019762345,35.03768537328435,35.14136563139461,18.944757938415794,40.25313503206831,19.882698335339438,26.426033280683583,32.87622597324766,29.061524303188122,33.44950641939547,41.49486078554802,35.90518551992015,22.887907391202496,31.163119657662858,35.352131723985615,23.988699835909873,25.70439422622171,26.79894545094546,21.43669989283916,31.84225947669637,37.20365320007935,35.4370840141425,27.29510004714542,29.692348976500412
